[{"model": "contenttypes.contenttype", "pk": 1, "fields": {"app_label": "admin", "model": "logentry"}}, {"model": "contenttypes.contenttype", "pk": 2, "fields": {"app_label": "auth", "model": "permission"}}, {"model": "contenttypes.contenttype", "pk": 3, "fields": {"app_label": "auth", "model": "group"}}, {"model": "contenttypes.contenttype", "pk": 4, "fields": {"app_label": "auth", "model": "user"}}, {"model": "contenttypes.contenttype", "pk": 5, "fields": {"app_label": "contenttypes", "model": "contenttype"}}, {"model": "contenttypes.contenttype", "pk": 6, "fields": {"app_label": "sessions", "model": "session"}}, {"model": "contenttypes.contenttype", "pk": 7, "fields": {"app_label": "blog", "model": "blog"}}, {"model": "contenttypes.contenttype", "pk": 8, "fields": {"app_label": "blog", "model": "blogtype"}}, {"model": "contenttypes.contenttype", "pk": 9, "fields": {"app_label": "read_statistics", "model": "readdetail"}}, {"model": "contenttypes.contenttype", "pk": 10, "fields": {"app_label": "read_statistics", "model": "readnum"}}, {"model": "contenttypes.contenttype", "pk": 11, "fields": {"app_label": "comment", "model": "comment"}}, {"model": "contenttypes.contenttype", "pk": 12, "fields": {"app_label": "likes", "model": "likecount"}}, {"model": "contenttypes.contenttype", "pk": 13, "fields": {"app_label": "likes", "model": "likerecord"}}, {"model": "contenttypes.contenttype", "pk": 14, "fields": {"app_label": "user", "model": "profile"}}, {"model": "sessions.session", "pk": "4z1nkq0uue9xflffu71lhz0bhzir0cd2", "fields": {"session_data": "ZjhjYzRmOGQ0YmU2N2Y5N2ZkNTYxODllMGE0OWIwMjMwMDk0ODIxZDp7Il9hdXRoX3VzZXJfaWQiOiIxIiwiX2F1dGhfdXNlcl9iYWNrZW5kIjoiZGphbmdvLmNvbnRyaWIuYXV0aC5iYWNrZW5kcy5Nb2RlbEJhY2tlbmQiLCJfYXV0aF91c2VyX2hhc2giOiJiYTI4ZmZmNDJiODAxMjRhMGUwZmZiOTcyNTMxZWRlMjg4NzRkN2Q1In0=", "expire_date": "2020-05-16T16:51:01"}}, {"model": "sessions.session", "pk": "76ed3v3c3w86aw4473zn80vz1aohbq96", "fields": {"session_data": "ZjhjYzRmOGQ0YmU2N2Y5N2ZkNTYxODllMGE0OWIwMjMwMDk0ODIxZDp7Il9hdXRoX3VzZXJfaWQiOiIxIiwiX2F1dGhfdXNlcl9iYWNrZW5kIjoiZGphbmdvLmNvbnRyaWIuYXV0aC5iYWNrZW5kcy5Nb2RlbEJhY2tlbmQiLCJfYXV0aF91c2VyX2hhc2giOiJiYTI4ZmZmNDJiODAxMjRhMGUwZmZiOTcyNTMxZWRlMjg4NzRkN2Q1In0=", "expire_date": "2020-05-09T13:16:59"}}, {"model": "sessions.session", "pk": "zcfi7sldv3l7645qaygxrnfumsl4by4n", "fields": {"session_data": "ZWVjZTA4MWRjMDE4YTViM2FiMTk2MzkzNGFiNGY0ZGZmOTVmMDY2Njp7InNlbmRfY29kZV90aW1lIjoxNTg4NDg0MDk3LCJfYXV0aF91c2VyX2lkIjoiMSIsIl9hdXRoX3VzZXJfYmFja2VuZCI6ImRqYW5nby5jb250cmliLmF1dGguYmFja2VuZHMuTW9kZWxCYWNrZW5kIiwiX2F1dGhfdXNlcl9oYXNoIjoiYmEyOGZmZjQyYjgwMTI0YTBlMGZmYjk3MjUzMWVkZTI4ODc0ZDdkNSJ9", "expire_date": "2020-05-17T16:24:59"}}, {"model": "blog.blogtype", "pk": 1, "fields": {"type_name": "Django"}}, {"model": "blog.blogtype", "pk": 2, "fields": {"type_name": "python"}}, {"model": "blog.blogtype", "pk": 3, "fields": {"type_name": "\u968f\u7b14"}}, {"model": "blog.blogtype", "pk": 4, "fields": {"type_name": "\u611f\u609f"}}, {"model": "read_statistics.readnum", "pk": 1, "fields": {"read_num": 7, "content_type": 7, "object_id": 21}}, {"model": "read_statistics.readnum", "pk": 2, "fields": {"read_num": 6, "content_type": 7, "object_id": 22}}, {"model": "read_statistics.readnum", "pk": 3, "fields": {"read_num": 3, "content_type": 7, "object_id": 23}}, {"model": "read_statistics.readnum", "pk": 4, "fields": {"read_num": 3, "content_type": 7, "object_id": 25}}, {"model": "read_statistics.readnum", "pk": 5, "fields": {"read_num": 1, "content_type": 7, "object_id": 27}}, {"model": "read_statistics.readnum", "pk": 6, "fields": {"read_num": 1, "content_type": 7, "object_id": 24}}, {"model": "read_statistics.readnum", "pk": 7, "fields": {"read_num": 1, "content_type": 7, "object_id": 26}}, {"model": "read_statistics.readdetail", "pk": 1, "fields": {"date": "2020-04-17", "read_num": 1, "content_type": 7, "object_id": 21}}, {"model": "read_statistics.readdetail", "pk": 2, "fields": {"date": "2020-04-17", "read_num": 1, "content_type": 7, "object_id": 22}}, {"model": "read_statistics.readdetail", "pk": 3, "fields": {"date": "2020-04-18", "read_num": 1, "content_type": 7, "object_id": 21}}, {"model": "read_statistics.readdetail", "pk": 4, "fields": {"date": "2020-04-18", "read_num": 1, "content_type": 7, "object_id": 23}}, {"model": "read_statistics.readdetail", "pk": 5, "fields": {"date": "2020-04-18", "read_num": 1, "content_type": 7, "object_id": 25}}, {"model": "read_statistics.readdetail", "pk": 6, "fields": {"date": "2020-04-20", "read_num": 1, "content_type": 7, "object_id": 27}}, {"model": "read_statistics.readdetail", "pk": 7, "fields": {"date": "2020-04-22", "read_num": 1, "content_type": 7, "object_id": 22}}, {"model": "read_statistics.readdetail", "pk": 8, "fields": {"date": "2020-04-24", "read_num": 1, "content_type": 7, "object_id": 22}}, {"model": "read_statistics.readdetail", "pk": 9, "fields": {"date": "2020-04-24", "read_num": 1, "content_type": 7, "object_id": 21}}, {"model": "read_statistics.readdetail", "pk": 10, "fields": {"date": "2020-04-28", "read_num": 2, "content_type": 7, "object_id": 22}}, {"model": "read_statistics.readdetail", "pk": 11, "fields": {"date": "2020-04-28", "read_num": 1, "content_type": 7, "object_id": 21}}, {"model": "read_statistics.readdetail", "pk": 12, "fields": {"date": "2020-04-28", "read_num": 1, "content_type": 7, "object_id": 23}}, {"model": "read_statistics.readdetail", "pk": 13, "fields": {"date": "2020-04-30", "read_num": 2, "content_type": 7, "object_id": 21}}, {"model": "read_statistics.readdetail", "pk": 14, "fields": {"date": "2020-04-30", "read_num": 1, "content_type": 7, "object_id": 23}}, {"model": "read_statistics.readdetail", "pk": 15, "fields": {"date": "2020-04-30", "read_num": 1, "content_type": 7, "object_id": 24}}, {"model": "read_statistics.readdetail", "pk": 16, "fields": {"date": "2020-05-01", "read_num": 1, "content_type": 7, "object_id": 26}}, {"model": "read_statistics.readdetail", "pk": 17, "fields": {"date": "2020-05-02", "read_num": 1, "content_type": 7, "object_id": 25}}, {"model": "read_statistics.readdetail", "pk": 18, "fields": {"date": "2020-05-03", "read_num": 1, "content_type": 7, "object_id": 25}}, {"model": "read_statistics.readdetail", "pk": 19, "fields": {"date": "2020-05-04", "read_num": 1, "content_type": 7, "object_id": 21}}, {"model": "likes.likecount", "pk": 1, "fields": {"content_type": 7, "object_id": 26, "liked_num": -1}}, {"model": "likes.likecount", "pk": 2, "fields": {"content_type": 7, "object_id": 21, "liked_num": 0}}, {"model": "likes.likecount", "pk": 3, "fields": {"content_type": 7, "object_id": 22, "liked_num": 0}}, {"model": "likes.likecount", "pk": 4, "fields": {"content_type": 7, "object_id": 23, "liked_num": 0}}, {"model": "likes.likecount", "pk": 5, "fields": {"content_type": 7, "object_id": 24, "liked_num": 0}}, {"model": "likes.likecount", "pk": 6, "fields": {"content_type": 7, "object_id": 25, "liked_num": 0}}, {"model": "likes.likecount", "pk": 7, "fields": {"content_type": 7, "object_id": 27, "liked_num": 0}}, {"model": "likes.likecount", "pk": 8, "fields": {"content_type": 11, "object_id": 44, "liked_num": 0}}, {"model": "likes.likecount", "pk": 9, "fields": {"content_type": 11, "object_id": 60, "liked_num": 0}}, {"model": "likes.likecount", "pk": 10, "fields": {"content_type": 11, "object_id": 61, "liked_num": 0}}, {"model": "likes.likecount", "pk": 11, "fields": {"content_type": 11, "object_id": 62, "liked_num": 0}}, {"model": "likes.likecount", "pk": 12, "fields": {"content_type": 11, "object_id": 63, "liked_num": 0}}, {"model": "likes.likecount", "pk": 13, "fields": {"content_type": 11, "object_id": 64, "liked_num": 0}}, {"model": "likes.likecount", "pk": 14, "fields": {"content_type": 11, "object_id": 65, "liked_num": 0}}, {"model": "likes.likecount", "pk": 15, "fields": {"content_type": 11, "object_id": 66, "liked_num": 0}}, {"model": "likes.likecount", "pk": 16, "fields": {"content_type": 11, "object_id": 67, "liked_num": 0}}, {"model": "likes.likecount", "pk": 17, "fields": {"content_type": 11, "object_id": 68, "liked_num": 1}}, {"model": "likes.likecount", "pk": 18, "fields": {"content_type": 11, "object_id": 54, "liked_num": 0}}, {"model": "likes.likecount", "pk": 19, "fields": {"content_type": 11, "object_id": 55, "liked_num": 0}}, {"model": "likes.likecount", "pk": 20, "fields": {"content_type": 11, "object_id": 56, "liked_num": 0}}, {"model": "likes.likecount", "pk": 21, "fields": {"content_type": 11, "object_id": 52, "liked_num": 0}}, {"model": "likes.likecount", "pk": 22, "fields": {"content_type": 11, "object_id": 53, "liked_num": 0}}, {"model": "likes.likecount", "pk": 23, "fields": {"content_type": 11, "object_id": 50, "liked_num": 0}}, {"model": "likes.likecount", "pk": 24, "fields": {"content_type": 11, "object_id": 51, "liked_num": 0}}, {"model": "likes.likecount", "pk": 25, "fields": {"content_type": 11, "object_id": 49, "liked_num": 0}}, {"model": "likes.likecount", "pk": 26, "fields": {"content_type": 11, "object_id": 48, "liked_num": 0}}, {"model": "likes.likecount", "pk": 27, "fields": {"content_type": 11, "object_id": 47, "liked_num": 0}}, {"model": "likes.likecount", "pk": 28, "fields": {"content_type": 11, "object_id": 45, "liked_num": 0}}, {"model": "likes.likecount", "pk": 29, "fields": {"content_type": 11, "object_id": 46, "liked_num": 0}}, {"model": "likes.likecount", "pk": 30, "fields": {"content_type": 11, "object_id": 40, "liked_num": 0}}, {"model": "likes.likecount", "pk": 31, "fields": {"content_type": 11, "object_id": 38, "liked_num": 0}}, {"model": "likes.likecount", "pk": 32, "fields": {"content_type": 11, "object_id": 39, "liked_num": 0}}, {"model": "likes.likecount", "pk": 33, "fields": {"content_type": 11, "object_id": 35, "liked_num": 0}}, {"model": "likes.likecount", "pk": 34, "fields": {"content_type": 11, "object_id": 36, "liked_num": 0}}, {"model": "likes.likecount", "pk": 35, "fields": {"content_type": 11, "object_id": 37, "liked_num": 0}}, {"model": "likes.likecount", "pk": 36, "fields": {"content_type": 11, "object_id": 3, "liked_num": 0}}, {"model": "likes.likecount", "pk": 37, "fields": {"content_type": 11, "object_id": 1, "liked_num": 0}}, {"model": "likes.likecount", "pk": 38, "fields": {"content_type": 11, "object_id": 2, "liked_num": 0}}, {"model": "likes.likecount", "pk": 39, "fields": {"content_type": 11, "object_id": 71, "liked_num": 0}}, {"model": "likes.likecount", "pk": 40, "fields": {"content_type": 11, "object_id": 70, "liked_num": 0}}, {"model": "likes.likecount", "pk": 41, "fields": {"content_type": 11, "object_id": 72, "liked_num": 0}}, {"model": "likes.likecount", "pk": 42, "fields": {"content_type": 11, "object_id": 69, "liked_num": 0}}, {"model": "auth.permission", "pk": 1, "fields": {"name": "Can add log entry", "content_type": 1, "codename": "add_logentry"}}, {"model": "auth.permission", "pk": 2, "fields": {"name": "Can change log entry", "content_type": 1, "codename": "change_logentry"}}, {"model": "auth.permission", "pk": 3, "fields": {"name": "Can delete log entry", "content_type": 1, "codename": "delete_logentry"}}, {"model": "auth.permission", "pk": 4, "fields": {"name": "Can add permission", "content_type": 2, "codename": "add_permission"}}, {"model": "auth.permission", "pk": 5, "fields": {"name": "Can change permission", "content_type": 2, "codename": "change_permission"}}, {"model": "auth.permission", "pk": 6, "fields": {"name": "Can delete permission", "content_type": 2, "codename": "delete_permission"}}, {"model": "auth.permission", "pk": 7, "fields": {"name": "Can add group", "content_type": 3, "codename": "add_group"}}, {"model": "auth.permission", "pk": 8, "fields": {"name": "Can change group", "content_type": 3, "codename": "change_group"}}, {"model": "auth.permission", "pk": 9, "fields": {"name": "Can delete group", "content_type": 3, "codename": "delete_group"}}, {"model": "auth.permission", "pk": 10, "fields": {"name": "Can add user", "content_type": 4, "codename": "add_user"}}, {"model": "auth.permission", "pk": 11, "fields": {"name": "Can change user", "content_type": 4, "codename": "change_user"}}, {"model": "auth.permission", "pk": 12, "fields": {"name": "Can delete user", "content_type": 4, "codename": "delete_user"}}, {"model": "auth.permission", "pk": 13, "fields": {"name": "Can add content type", "content_type": 5, "codename": "add_contenttype"}}, {"model": "auth.permission", "pk": 14, "fields": {"name": "Can change content type", "content_type": 5, "codename": "change_contenttype"}}, {"model": "auth.permission", "pk": 15, "fields": {"name": "Can delete content type", "content_type": 5, "codename": "delete_contenttype"}}, {"model": "auth.permission", "pk": 16, "fields": {"name": "Can add session", "content_type": 6, "codename": "add_session"}}, {"model": "auth.permission", "pk": 17, "fields": {"name": "Can change session", "content_type": 6, "codename": "change_session"}}, {"model": "auth.permission", "pk": 18, "fields": {"name": "Can delete session", "content_type": 6, "codename": "delete_session"}}, {"model": "auth.permission", "pk": 19, "fields": {"name": "Can add blog", "content_type": 7, "codename": "add_blog"}}, {"model": "auth.permission", "pk": 20, "fields": {"name": "Can change blog", "content_type": 7, "codename": "change_blog"}}, {"model": "auth.permission", "pk": 21, "fields": {"name": "Can delete blog", "content_type": 7, "codename": "delete_blog"}}, {"model": "auth.permission", "pk": 22, "fields": {"name": "Can add blog type", "content_type": 8, "codename": "add_blogtype"}}, {"model": "auth.permission", "pk": 23, "fields": {"name": "Can change blog type", "content_type": 8, "codename": "change_blogtype"}}, {"model": "auth.permission", "pk": 24, "fields": {"name": "Can delete blog type", "content_type": 8, "codename": "delete_blogtype"}}, {"model": "auth.permission", "pk": 25, "fields": {"name": "Can add read detail", "content_type": 9, "codename": "add_readdetail"}}, {"model": "auth.permission", "pk": 26, "fields": {"name": "Can change read detail", "content_type": 9, "codename": "change_readdetail"}}, {"model": "auth.permission", "pk": 27, "fields": {"name": "Can delete read detail", "content_type": 9, "codename": "delete_readdetail"}}, {"model": "auth.permission", "pk": 28, "fields": {"name": "Can add read num", "content_type": 10, "codename": "add_readnum"}}, {"model": "auth.permission", "pk": 29, "fields": {"name": "Can change read num", "content_type": 10, "codename": "change_readnum"}}, {"model": "auth.permission", "pk": 30, "fields": {"name": "Can delete read num", "content_type": 10, "codename": "delete_readnum"}}, {"model": "auth.permission", "pk": 31, "fields": {"name": "Can add comment", "content_type": 11, "codename": "add_comment"}}, {"model": "auth.permission", "pk": 32, "fields": {"name": "Can change comment", "content_type": 11, "codename": "change_comment"}}, {"model": "auth.permission", "pk": 33, "fields": {"name": "Can delete comment", "content_type": 11, "codename": "delete_comment"}}, {"model": "auth.permission", "pk": 34, "fields": {"name": "Can add like count", "content_type": 12, "codename": "add_likecount"}}, {"model": "auth.permission", "pk": 35, "fields": {"name": "Can change like count", "content_type": 12, "codename": "change_likecount"}}, {"model": "auth.permission", "pk": 36, "fields": {"name": "Can delete like count", "content_type": 12, "codename": "delete_likecount"}}, {"model": "auth.permission", "pk": 37, "fields": {"name": "Can add like record", "content_type": 13, "codename": "add_likerecord"}}, {"model": "auth.permission", "pk": 38, "fields": {"name": "Can change like record", "content_type": 13, "codename": "change_likerecord"}}, {"model": "auth.permission", "pk": 39, "fields": {"name": "Can delete like record", "content_type": 13, "codename": "delete_likerecord"}}, {"model": "auth.permission", "pk": 40, "fields": {"name": "Can add profile", "content_type": 14, "codename": "add_profile"}}, {"model": "auth.permission", "pk": 41, "fields": {"name": "Can change profile", "content_type": 14, "codename": "change_profile"}}, {"model": "auth.permission", "pk": 42, "fields": {"name": "Can delete profile", "content_type": 14, "codename": "delete_profile"}}, {"model": "auth.user", "pk": 1, "fields": {"password": "pbkdf2_sha256$100000$TyN0YsHIIPBB$PKQNDBv3SvjsGeiZwfKw+J2Q4QnMc2IrLNFAHgZnMAI=", "last_login": "2020-05-03T16:24:59", "is_superuser": true, "username": "tq", "first_name": "", "last_name": "", "email": "1130266522@qq.com", "is_staff": true, "is_active": true, "date_joined": "2020-04-17T09:12:20", "groups": [], "user_permissions": []}}, {"model": "auth.user", "pk": 2, "fields": {"password": "pbkdf2_sha256$100000$FZ4FMjl7C2ph$ScBP9hXdcfO/3HoIH1gDY49iZ1z0zY4eII+IBl+ksqI=", "last_login": "2020-05-03T11:57:21", "is_superuser": true, "username": "lhh", "first_name": "", "last_name": "", "email": "hunter_tq@163.com", "is_staff": true, "is_active": true, "date_joined": "2020-05-02T22:17:00", "groups": [], "user_permissions": []}}, {"model": "auth.user", "pk": 3, "fields": {"password": "pbkdf2_sha256$100000$9VQZQtO25n3J$cfVr7v/CfOVwlPvTKJfo9HBSiCn82U5VUMxvUgnysBM=", "last_login": "2020-05-03T10:45:38", "is_superuser": false, "username": "tiannuonuo", "first_name": "", "last_name": "", "email": "1130266522@qq.com", "is_staff": false, "is_active": true, "date_joined": "2020-05-03T10:45:37", "groups": [], "user_permissions": []}}, {"model": "blog.blog", "pk": 1, "fields": {"title": "\u7b2c\u4e00\u7bc7\u535a\u5ba2", "blog_type": 3, "content": "<p>\u8fd9\u662f\u6211\u7684\u7b2c\u4e00\u7bc7\u535a\u5ba2<span style=\"color:#e74c3c\"><strong>\u54c8\u54c8\u54c8\u54c8\u54c8\u54c8\u54c8\u54c8</strong></span></p>", "author": 1, "created_time": "2020-04-17T09:17:02", "last_updated_time": "2020-04-17T09:17:02"}}, {"model": "blog.blog", "pk": 2, "fields": {"title": "\u7b2c\u4e8c\u7bc7\u535a\u5ba2", "blog_type": 3, "content": "<p>\u8fd9\u662f\u6211\u7684\u7b2c\u7bc7\u535a\u5ba2<span style=\"background-color:#2ecc71\">\u7ea2\u7ea2\u706b\u706b\u604d\u604d\u60da\u60da</span>\u54c8\u54c8\u54c8\u54c8\u54c8\u54c8\u54c8\u54c8\u54c8\u54c8\u54c8\u54c8</p>", "author": 1, "created_time": "2020-04-17T09:17:54", "last_updated_time": "2020-04-17T09:17:54"}}, {"model": "blog.blog", "pk": 3, "fields": {"title": "\u957f\u5185\u5bb9\u7684\u535a\u5ba2", "blog_type": 1, "content": "<p><span style=\"color:#e67e22\">\u6211\u8981\u5199\u5f88\u591a\u5b57</span>\u5431\u5431\u5431\u5431\u5431\u5431\u5431\u5431\u5431\u5431\u5431\u5431\u5431\u5431\u5431\u5431\u5431\u5431\u5431\u5431\u5431\u5431\u5431\u5431\u5431\u5431\u5431\u5431\u5431\u5431\u5431\u5431\u5431\u5431\u5431\u5431\u5431\u5431\u5431\u5431\u5431\u5431\u5431\u5431\u5431\u5431\u5431\u5431\u5431\u5431\u5431\u5431\u5431\u5431\u5431\u5431\u5431\u5431\u5431\u5431\u5431\u5431\u5431\u5431\u5431\u5431\u5431\u5431\u5431\u5431\u5431\u5431\u5431\u5431\u5431\u5431\u5431\u5431\u5431\u5431\u5431\u5431\u5431\u5431\u5431\u5431\u5431\u5431\u5431\u5431\u5431\u5431\u5431\u5431\u5431\u5431\u5431\u5431\u5431\u5431\u5431\u5431\u5431\u5431\u5431\u5431\u5431\u5431\u5431\u5431\u5431\u5431\u5431\u5431\u5431\u5431\u5431\u5431\u5431\u5431\u5431\u5431\u5431\u5431\u5431\u5431\u5431\u5431\u5431\u5431\u5431\u5431\u5431\u5431</p>", "author": 1, "created_time": "2020-04-17T09:18:50", "last_updated_time": "2020-04-17T09:18:50"}}, {"model": "blog.blog", "pk": 4, "fields": {"title": "for 1", "blog_type": 1, "content": "xxxx:1", "author": 1, "created_time": "2020-04-17T09:26:17", "last_updated_time": "2020-04-17T09:26:17"}}, {"model": "blog.blog", "pk": 5, "fields": {"title": "for 2", "blog_type": 1, "content": "xxxx:2", "author": 1, "created_time": "2020-04-17T09:26:17", "last_updated_time": "2020-04-17T09:26:17"}}, {"model": "blog.blog", "pk": 6, "fields": {"title": "for 3", "blog_type": 1, "content": "xxxx:3", "author": 1, "created_time": "2020-04-17T09:26:17", "last_updated_time": "2020-04-17T09:26:17"}}, {"model": "blog.blog", "pk": 7, "fields": {"title": "for 4", "blog_type": 1, "content": "xxxx:4", "author": 1, "created_time": "2020-04-17T09:26:17", "last_updated_time": "2020-04-17T09:26:17"}}, {"model": "blog.blog", "pk": 8, "fields": {"title": "for 5", "blog_type": 1, "content": "xxxx:5", "author": 1, "created_time": "2020-04-17T09:26:17", "last_updated_time": "2020-04-17T09:26:17"}}, {"model": "blog.blog", "pk": 9, "fields": {"title": "for 6", "blog_type": 1, "content": "xxxx:6", "author": 1, "created_time": "2020-04-17T09:26:17", "last_updated_time": "2020-04-17T09:26:17"}}, {"model": "blog.blog", "pk": 10, "fields": {"title": "for 7", "blog_type": 1, "content": "xxxx:7", "author": 1, "created_time": "2020-04-17T09:26:17", "last_updated_time": "2020-04-17T09:26:17"}}, {"model": "blog.blog", "pk": 11, "fields": {"title": "for 8", "blog_type": 1, "content": "xxxx:8", "author": 1, "created_time": "2020-04-17T09:26:17", "last_updated_time": "2020-04-17T09:26:17"}}, {"model": "blog.blog", "pk": 12, "fields": {"title": "for 9", "blog_type": 1, "content": "xxxx:9", "author": 1, "created_time": "2020-04-17T09:26:17", "last_updated_time": "2020-04-17T09:26:17"}}, {"model": "blog.blog", "pk": 13, "fields": {"title": "for 10", "blog_type": 1, "content": "xxxx:10", "author": 1, "created_time": "2020-04-17T09:26:17", "last_updated_time": "2020-04-17T09:26:17"}}, {"model": "blog.blog", "pk": 14, "fields": {"title": "for 11", "blog_type": 1, "content": "xxxx:11", "author": 1, "created_time": "2020-04-17T09:26:17", "last_updated_time": "2020-04-17T09:26:17"}}, {"model": "blog.blog", "pk": 15, "fields": {"title": "for 12", "blog_type": 1, "content": "xxxx:12", "author": 1, "created_time": "2020-04-17T09:26:17", "last_updated_time": "2020-04-17T09:26:17"}}, {"model": "blog.blog", "pk": 16, "fields": {"title": "for 13", "blog_type": 1, "content": "xxxx:13", "author": 1, "created_time": "2020-04-17T09:26:17", "last_updated_time": "2020-04-17T09:26:17"}}, {"model": "blog.blog", "pk": 17, "fields": {"title": "for 14", "blog_type": 1, "content": "xxxx:14", "author": 1, "created_time": "2020-04-17T09:26:17", "last_updated_time": "2020-04-17T09:26:17"}}, {"model": "blog.blog", "pk": 18, "fields": {"title": "for 15", "blog_type": 1, "content": "xxxx:15", "author": 1, "created_time": "2020-04-17T09:26:17", "last_updated_time": "2020-04-17T09:26:17"}}, {"model": "blog.blog", "pk": 19, "fields": {"title": "for 16", "blog_type": 1, "content": "xxxx:16", "author": 1, "created_time": "2020-04-17T09:26:17", "last_updated_time": "2020-04-17T09:26:17"}}, {"model": "blog.blog", "pk": 20, "fields": {"title": "for 17", "blog_type": 1, "content": "xxxx:17", "author": 1, "created_time": "2020-04-17T09:26:17", "last_updated_time": "2020-04-17T09:26:17"}}, {"model": "blog.blog", "pk": 21, "fields": {"title": "for 18", "blog_type": 1, "content": "xxxx:18", "author": 1, "created_time": "2020-04-17T09:26:18", "last_updated_time": "2020-04-17T09:26:18"}}, {"model": "blog.blog", "pk": 22, "fields": {"title": "for 19", "blog_type": 1, "content": "xxxx:19", "author": 1, "created_time": "2020-04-17T09:26:18", "last_updated_time": "2020-04-17T09:26:18"}}, {"model": "blog.blog", "pk": 23, "fields": {"title": "for 20", "blog_type": 1, "content": "xxxx:20", "author": 1, "created_time": "2020-04-17T09:26:18", "last_updated_time": "2020-04-17T09:26:18"}}, {"model": "blog.blog", "pk": 24, "fields": {"title": "for 21", "blog_type": 1, "content": "xxxx:21", "author": 1, "created_time": "2020-04-17T09:26:18", "last_updated_time": "2020-04-17T09:26:18"}}, {"model": "blog.blog", "pk": 25, "fields": {"title": "for 22", "blog_type": 1, "content": "xxxx:22", "author": 1, "created_time": "2020-04-17T09:26:18", "last_updated_time": "2020-04-17T09:26:18"}}, {"model": "blog.blog", "pk": 26, "fields": {"title": "for 23", "blog_type": 1, "content": "xxxx:23", "author": 1, "created_time": "2020-04-17T09:26:18", "last_updated_time": "2020-04-17T09:26:18"}}, {"model": "blog.blog", "pk": 27, "fields": {"title": "for 24", "blog_type": 1, "content": "xxxx:24", "author": 1, "created_time": "2020-04-17T09:26:18", "last_updated_time": "2020-04-17T09:26:18"}}, {"model": "blog.blog", "pk": 28, "fields": {"title": "for 25", "blog_type": 1, "content": "xxxx:25", "author": 1, "created_time": "2020-04-17T09:26:18", "last_updated_time": "2020-04-17T09:26:18"}}, {"model": "blog.blog", "pk": 29, "fields": {"title": "for 26", "blog_type": 1, "content": "xxxx:26", "author": 1, "created_time": "2020-04-17T09:26:18", "last_updated_time": "2020-04-17T09:26:18"}}, {"model": "blog.blog", "pk": 30, "fields": {"title": "for 27", "blog_type": 1, "content": "xxxx:27", "author": 1, "created_time": "2020-04-17T09:26:18", "last_updated_time": "2020-04-17T09:26:18"}}, {"model": "blog.blog", "pk": 31, "fields": {"title": "for 28", "blog_type": 1, "content": "xxxx:28", "author": 1, "created_time": "2020-04-17T09:26:18", "last_updated_time": "2020-04-17T09:26:18"}}, {"model": "blog.blog", "pk": 32, "fields": {"title": "for 29", "blog_type": 1, "content": "xxxx:29", "author": 1, "created_time": "2020-04-17T09:26:18", "last_updated_time": "2020-04-17T09:26:18"}}, {"model": "blog.blog", "pk": 33, "fields": {"title": "for 30", "blog_type": 1, "content": "xxxx:30", "author": 1, "created_time": "2020-04-17T09:26:18", "last_updated_time": "2020-04-17T09:26:18"}}, {"model": "comment.comment", "pk": 1, "fields": {"content_type": 7, "object_id": 25, "text": "123", "comment_time": "2020-04-20T00:00:00", "user": 1, "root": null, "parent": null, "reply_to": null}}, {"model": "comment.comment", "pk": 2, "fields": {"content_type": 7, "object_id": 25, "text": "\u6709\u6ca1\u6709", "comment_time": "2020-04-20T00:00:00", "user": 1, "root": null, "parent": null, "reply_to": null}}, {"model": "comment.comment", "pk": 3, "fields": {"content_type": 7, "object_id": 25, "text": "\u54c8\u54c8\u54c8\u54c8\u54c8", "comment_time": "2020-04-20T16:52:34", "user": 1, "root": null, "parent": null, "reply_to": null}}, {"model": "comment.comment", "pk": 4, "fields": {"content_type": 7, "object_id": 22, "text": "hhhh", "comment_time": "2020-04-25T13:49:03", "user": 1, "root": null, "parent": null, "reply_to": null}}, {"model": "comment.comment", "pk": 5, "fields": {"content_type": 7, "object_id": 22, "text": "ddd", "comment_time": "2020-04-25T14:26:58", "user": 1, "root": null, "parent": null, "reply_to": null}}, {"model": "comment.comment", "pk": 6, "fields": {"content_type": 7, "object_id": 22, "text": "<p>dd</p>", "comment_time": "2020-04-25T17:07:00", "user": 1, "root": null, "parent": null, "reply_to": null}}, {"model": "comment.comment", "pk": 7, "fields": {"content_type": 7, "object_id": 22, "text": "<p>123</p>", "comment_time": "2020-04-25T17:13:27", "user": 1, "root": null, "parent": null, "reply_to": null}}, {"model": "comment.comment", "pk": 8, "fields": {"content_type": 7, "object_id": 22, "text": "<p>afds</p>", "comment_time": "2020-04-25T18:14:39", "user": 1, "root": null, "parent": null, "reply_to": null}}, {"model": "comment.comment", "pk": 9, "fields": {"content_type": 7, "object_id": 22, "text": "<p>afds</p>", "comment_time": "2020-04-25T18:14:57", "user": 1, "root": null, "parent": null, "reply_to": null}}, {"model": "comment.comment", "pk": 10, "fields": {"content_type": 7, "object_id": 22, "text": "<p>afds</p>", "comment_time": "2020-04-25T18:15:00", "user": 1, "root": null, "parent": null, "reply_to": null}}, {"model": "comment.comment", "pk": 11, "fields": {"content_type": 7, "object_id": 22, "text": "<p>afds</p>", "comment_time": "2020-04-25T18:15:02", "user": 1, "root": null, "parent": null, "reply_to": null}}, {"model": "comment.comment", "pk": 12, "fields": {"content_type": 7, "object_id": 22, "text": "<p>afds</p>", "comment_time": "2020-04-25T18:15:02", "user": 1, "root": null, "parent": null, "reply_to": null}}, {"model": "comment.comment", "pk": 13, "fields": {"content_type": 7, "object_id": 22, "text": "<p>afds</p>", "comment_time": "2020-04-25T18:15:02", "user": 1, "root": null, "parent": null, "reply_to": null}}, {"model": "comment.comment", "pk": 14, "fields": {"content_type": 7, "object_id": 22, "text": "<p>afds</p>", "comment_time": "2020-04-25T18:15:02", "user": 1, "root": null, "parent": null, "reply_to": null}}, {"model": "comment.comment", "pk": 15, "fields": {"content_type": 7, "object_id": 22, "text": "<p>afds</p>", "comment_time": "2020-04-25T18:15:03", "user": 1, "root": null, "parent": null, "reply_to": null}}, {"model": "comment.comment", "pk": 16, "fields": {"content_type": 7, "object_id": 22, "text": "<p>afds</p>", "comment_time": "2020-04-25T18:15:04", "user": 1, "root": null, "parent": null, "reply_to": null}}, {"model": "comment.comment", "pk": 17, "fields": {"content_type": 7, "object_id": 22, "text": "<p>afds</p>", "comment_time": "2020-04-25T18:15:06", "user": 1, "root": null, "parent": null, "reply_to": null}}, {"model": "comment.comment", "pk": 18, "fields": {"content_type": 7, "object_id": 22, "text": "<p>afds</p>", "comment_time": "2020-04-25T18:15:06", "user": 1, "root": null, "parent": null, "reply_to": null}}, {"model": "comment.comment", "pk": 19, "fields": {"content_type": 7, "object_id": 22, "text": "<p>afds</p>", "comment_time": "2020-04-25T18:15:06", "user": 1, "root": null, "parent": null, "reply_to": null}}, {"model": "comment.comment", "pk": 20, "fields": {"content_type": 7, "object_id": 22, "text": "<p>afds</p>", "comment_time": "2020-04-25T18:15:06", "user": 1, "root": null, "parent": null, "reply_to": null}}, {"model": "comment.comment", "pk": 21, "fields": {"content_type": 7, "object_id": 22, "text": "<p>afds</p>", "comment_time": "2020-04-25T18:15:07", "user": 1, "root": null, "parent": null, "reply_to": null}}, {"model": "comment.comment", "pk": 22, "fields": {"content_type": 7, "object_id": 22, "text": "<p>afds</p>", "comment_time": "2020-04-25T18:15:08", "user": 1, "root": null, "parent": null, "reply_to": null}}, {"model": "comment.comment", "pk": 23, "fields": {"content_type": 7, "object_id": 22, "text": "<p>hhhhh</p>", "comment_time": "2020-04-25T18:15:25", "user": 1, "root": null, "parent": null, "reply_to": null}}, {"model": "comment.comment", "pk": 24, "fields": {"content_type": 7, "object_id": 22, "text": "<p>jjjjj</p>", "comment_time": "2020-04-25T18:16:36", "user": 1, "root": null, "parent": null, "reply_to": null}}, {"model": "comment.comment", "pk": 25, "fields": {"content_type": 7, "object_id": 22, "text": "<p>jjjjj</p>", "comment_time": "2020-04-25T18:21:17", "user": 1, "root": null, "parent": null, "reply_to": null}}, {"model": "comment.comment", "pk": 26, "fields": {"content_type": 7, "object_id": 22, "text": "<p>jjjjj</p>", "comment_time": "2020-04-25T18:38:16", "user": 1, "root": null, "parent": null, "reply_to": null}}, {"model": "comment.comment", "pk": 27, "fields": {"content_type": 7, "object_id": 22, "text": "<p>hhh</p>", "comment_time": "2020-04-25T19:51:10", "user": 1, "root": null, "parent": null, "reply_to": null}}, {"model": "comment.comment", "pk": 28, "fields": {"content_type": 7, "object_id": 22, "text": "<p>444</p>", "comment_time": "2020-04-25T19:53:38", "user": 1, "root": null, "parent": null, "reply_to": null}}, {"model": "comment.comment", "pk": 29, "fields": {"content_type": 7, "object_id": 22, "text": "<p>444</p>", "comment_time": "2020-04-25T19:54:48", "user": 1, "root": null, "parent": null, "reply_to": null}}, {"model": "comment.comment", "pk": 30, "fields": {"content_type": 7, "object_id": 22, "text": "<p>7</p>", "comment_time": "2020-04-25T19:55:11", "user": 1, "root": null, "parent": null, "reply_to": null}}, {"model": "comment.comment", "pk": 31, "fields": {"content_type": 7, "object_id": 22, "text": "<p>7</p>", "comment_time": "2020-04-25T19:55:49", "user": 1, "root": null, "parent": null, "reply_to": null}}, {"model": "comment.comment", "pk": 32, "fields": {"content_type": 7, "object_id": 22, "text": "<p>88</p>", "comment_time": "2020-04-25T19:56:23", "user": 1, "root": null, "parent": null, "reply_to": null}}, {"model": "comment.comment", "pk": 33, "fields": {"content_type": 7, "object_id": 22, "text": "<p>00</p>", "comment_time": "2020-04-25T19:59:59", "user": 1, "root": null, "parent": null, "reply_to": null}}, {"model": "comment.comment", "pk": 34, "fields": {"content_type": 7, "object_id": 22, "text": "<p>\u56de\u590d444\u7684\u5185\u5bb9</p>", "comment_time": "2020-04-28T11:51:23", "user": 1, "root": 29, "parent": 29, "reply_to": 1}}, {"model": "comment.comment", "pk": 35, "fields": {"content_type": 7, "object_id": 21, "text": "<p>\u6c99\u53d1</p>", "comment_time": "2020-04-28T13:27:52", "user": 1, "root": null, "parent": null, "reply_to": null}}, {"model": "comment.comment", "pk": 36, "fields": {"content_type": 7, "object_id": 21, "text": "<p>\u8c22\u8c22\u4f60\u7684\u6c99\u53d1</p>", "comment_time": "2020-04-28T13:28:38", "user": 1, "root": 35, "parent": 35, "reply_to": 1}}, {"model": "comment.comment", "pk": 37, "fields": {"content_type": 7, "object_id": 21, "text": "<p>\u4ffa\u662f\u4e8c\u697c</p>", "comment_time": "2020-04-28T13:29:07", "user": 1, "root": 35, "parent": 35, "reply_to": 1}}, {"model": "comment.comment", "pk": 38, "fields": {"content_type": 7, "object_id": 21, "text": "<p>\u6211\u624d\u662f\u4e8c\u697c</p>", "comment_time": "2020-04-28T13:43:58", "user": 1, "root": null, "parent": null, "reply_to": null}}, {"model": "comment.comment", "pk": 39, "fields": {"content_type": 7, "object_id": 21, "text": "<p>\u5bf9\u5bf9\u5bf9\uff0c\u4f60\u8bf4\u7684\u90fd\u5bf9<img alt=\"devil\" height=\"23\" src=\"http://127.0.0.1:8000/static/ckeditor/ckeditor/plugins/smiley/images/devil_smile.png\" title=\"devil\" width=\"23\" /></p>", "comment_time": "2020-04-28T13:44:24", "user": 1, "root": 38, "parent": 38, "reply_to": 1}}, {"model": "comment.comment", "pk": 40, "fields": {"content_type": 7, "object_id": 21, "text": "<p>\u54c8\u54c8\u54c8 \u4f60\u4eec\u90fd\u662f\u6492\u5b50\u561b<img alt=\"surprise\" height=\"23\" src=\"http://127.0.0.1:8000/static/ckeditor/ckeditor/plugins/smiley/images/omg_smile.png\" title=\"surprise\" width=\"23\" /></p>", "comment_time": "2020-04-28T13:44:49", "user": 1, "root": null, "parent": null, "reply_to": null}}, {"model": "comment.comment", "pk": 41, "fields": {"content_type": 7, "object_id": 22, "text": "<p>\u8fd9\u7bc7\u535a\u5ba2\u6709\u6bd2\uff0c\u4e3a\u5565\u6ca1\u63d0\u793a\u4fe1\u606f</p>", "comment_time": "2020-04-28T13:46:22", "user": 1, "root": null, "parent": null, "reply_to": null}}, {"model": "comment.comment", "pk": 42, "fields": {"content_type": 7, "object_id": 22, "text": "<p>\u54e6\u54e6 \u6211\u77e5\u9053\u4e86 \u539f\u6765\u53ea\u6709\u65b0\u5efa\u7acb\u7684\u8bc4\u8bba\u5728\u56de\u590d\u662f\u624d\u4f1a\u6709\u63d0\u793a\u4fe1\u606f\uff0c\u4e4b\u524d\u7684\u8bc4\u8bba\u6ca1\u6709 \u4ec0\u4e48\u73a9\u610f\u513f</p>", "comment_time": "2020-04-28T13:47:06", "user": 1, "root": 41, "parent": 41, "reply_to": 1}}, {"model": "comment.comment", "pk": 43, "fields": {"content_type": 7, "object_id": 22, "text": "<p>\u4f60\u4eec\u8fd9\u4e9b\u5783\u573e\u8bc4\u8bba \u6211\u4e4b\u540e\u90fd\u8981\u628a\u4f60\u4eec\u5220\u6389\u554a\u54c8\u54c8</p>", "comment_time": "2020-04-28T13:47:39", "user": 1, "root": null, "parent": null, "reply_to": null}}, {"model": "comment.comment", "pk": 44, "fields": {"content_type": 7, "object_id": 23, "text": "<p>hahhah&nbsp;</p>", "comment_time": "2020-04-30T17:41:44", "user": 1, "root": null, "parent": null, "reply_to": null}}, {"model": "comment.comment", "pk": 45, "fields": {"content_type": 7, "object_id": 21, "text": "<p>\u697c\u4e0a\u624d\u662f\u50bb\u5b50</p>", "comment_time": "2020-04-30T17:57:13", "user": 1, "root": null, "parent": null, "reply_to": null}}, {"model": "comment.comment", "pk": 46, "fields": {"content_type": 7, "object_id": 21, "text": "<p>\u5475</p>", "comment_time": "2020-04-30T17:57:38", "user": 1, "root": 45, "parent": 45, "reply_to": 1}}, {"model": "comment.comment", "pk": 47, "fields": {"content_type": 7, "object_id": 21, "text": "<p>\u6211\u6765\u6d4b\u4e00\u4e0b\u65f6\u95f4</p>", "comment_time": "2020-04-30T18:54:33", "user": 1, "root": null, "parent": null, "reply_to": null}}, {"model": "comment.comment", "pk": 48, "fields": {"content_type": 7, "object_id": 21, "text": "<p>\u54c8\u54c8\u54c8\u54c8</p>", "comment_time": "2020-04-30T19:13:53", "user": 1, "root": null, "parent": null, "reply_to": null}}, {"model": "comment.comment", "pk": 49, "fields": {"content_type": 7, "object_id": 21, "text": "<p>\u563f\u563f</p>", "comment_time": "2020-04-30T19:16:53", "user": 1, "root": null, "parent": null, "reply_to": null}}, {"model": "comment.comment", "pk": 50, "fields": {"content_type": 7, "object_id": 21, "text": "<p>testing</p>\r\n\r\n<p>&nbsp;</p>", "comment_time": "2020-04-30T19:44:54", "user": 1, "root": null, "parent": null, "reply_to": null}}, {"model": "comment.comment", "pk": 51, "fields": {"content_type": 7, "object_id": 21, "text": "<p>\u4ec0\u4e48\u5440</p>", "comment_time": "2020-04-30T19:54:22", "user": 1, "root": 50, "parent": 50, "reply_to": 1}}, {"model": "comment.comment", "pk": 52, "fields": {"content_type": 7, "object_id": 21, "text": "<p>\u6ca1</p>", "comment_time": "2020-04-30T19:54:43", "user": 1, "root": null, "parent": null, "reply_to": null}}, {"model": "comment.comment", "pk": 53, "fields": {"content_type": 7, "object_id": 21, "text": "<p>\u6709\u7a7a\u683c</p>\r\n\r\n<p>&nbsp;</p>", "comment_time": "2020-04-30T19:55:56", "user": 1, "root": 52, "parent": 52, "reply_to": 1}}, {"model": "comment.comment", "pk": 54, "fields": {"content_type": 7, "object_id": 21, "text": "<p>\u8f7b\u8d28</p>", "comment_time": "2020-04-30T19:56:57", "user": 1, "root": null, "parent": null, "reply_to": null}}, {"model": "comment.comment", "pk": 55, "fields": {"content_type": 7, "object_id": 21, "text": "<p>\u6709\u70b9\u9519\u8bef</p>", "comment_time": "2020-04-30T19:59:08", "user": 1, "root": 54, "parent": 54, "reply_to": 1}}, {"model": "comment.comment", "pk": 56, "fields": {"content_type": 7, "object_id": 21, "text": "<p>\u600e\u4e48\u53c8\u6709\u95ee\u9898\u4e86</p>", "comment_time": "2020-04-30T19:59:34", "user": 1, "root": 54, "parent": 55, "reply_to": 1}}, {"model": "comment.comment", "pk": 57, "fields": {"content_type": 7, "object_id": 24, "text": "<p>\u6709\u65b0\u7684\u6765\u6d4b\u4e00\u4e0b</p>", "comment_time": "2020-04-30T20:00:18", "user": 1, "root": null, "parent": null, "reply_to": null}}, {"model": "comment.comment", "pk": 58, "fields": {"content_type": 7, "object_id": 24, "text": "<p>\u65b0\u7684\u662f\u597d\u7684</p>", "comment_time": "2020-04-30T20:00:31", "user": 1, "root": 57, "parent": 57, "reply_to": 1}}, {"model": "comment.comment", "pk": 59, "fields": {"content_type": 7, "object_id": 24, "text": "<p>\u786e\u5b9e</p>", "comment_time": "2020-04-30T20:00:45", "user": 1, "root": 57, "parent": 58, "reply_to": 1}}, {"model": "comment.comment", "pk": 60, "fields": {"content_type": 7, "object_id": 23, "text": "<p>test</p>", "comment_time": "2020-05-01T17:28:02", "user": 1, "root": 44, "parent": 44, "reply_to": 1}}, {"model": "comment.comment", "pk": 61, "fields": {"content_type": 7, "object_id": 23, "text": "<p>xiixix</p>", "comment_time": "2020-05-01T21:11:58", "user": 1, "root": null, "parent": null, "reply_to": null}}, {"model": "comment.comment", "pk": 62, "fields": {"content_type": 7, "object_id": 23, "text": "<p>hhhh</p>", "comment_time": "2020-05-01T21:12:47", "user": 1, "root": 61, "parent": 61, "reply_to": 1}}, {"model": "comment.comment", "pk": 63, "fields": {"content_type": 7, "object_id": 23, "text": "<p>sgen</p>", "comment_time": "2020-05-01T21:15:10", "user": 1, "root": 61, "parent": 62, "reply_to": 1}}, {"model": "comment.comment", "pk": 64, "fields": {"content_type": 7, "object_id": 23, "text": "<p>fe</p>", "comment_time": "2020-05-01T21:20:09", "user": 1, "root": 61, "parent": 63, "reply_to": 1}}, {"model": "comment.comment", "pk": 65, "fields": {"content_type": 7, "object_id": 23, "text": "<p>yinggaihale</p>", "comment_time": "2020-05-01T21:21:07", "user": 1, "root": 61, "parent": 64, "reply_to": 1}}, {"model": "comment.comment", "pk": 66, "fields": {"content_type": 7, "object_id": 23, "text": "<p>xianzai</p>", "comment_time": "2020-05-01T21:22:09", "user": 1, "root": 61, "parent": 65, "reply_to": 1}}, {"model": "comment.comment", "pk": 67, "fields": {"content_type": 7, "object_id": 23, "text": "<p>\u6709\u6bd2</p>", "comment_time": "2020-05-01T21:24:15", "user": 1, "root": 61, "parent": 66, "reply_to": 1}}, {"model": "comment.comment", "pk": 68, "fields": {"content_type": 7, "object_id": 23, "text": "<p>\u5f3a\u8feb\u75c7</p>", "comment_time": "2020-05-01T21:25:53", "user": 1, "root": 61, "parent": 67, "reply_to": 1}}, {"model": "comment.comment", "pk": 69, "fields": {"content_type": 7, "object_id": 21, "text": "<p>\u55e8</p>", "comment_time": "2020-05-02T21:52:12", "user": 1, "root": 54, "parent": 56, "reply_to": 1}}, {"model": "comment.comment", "pk": 70, "fields": {"content_type": 7, "object_id": 25, "text": "<p>\u8bc4\u8bba\u53d1\u9001\u90ae\u4ef6\u6d4b\u8bd5</p>", "comment_time": "2020-05-03T16:25:56", "user": 1, "root": null, "parent": null, "reply_to": null}}, {"model": "comment.comment", "pk": 71, "fields": {"content_type": 7, "object_id": 25, "text": "<p>\u8bc4\u8bba\u53d1\u9001\u90ae\u4ef6\u6d4b\u8bd5</p>", "comment_time": "2020-05-03T16:27:00", "user": 1, "root": null, "parent": null, "reply_to": null}}, {"model": "comment.comment", "pk": 72, "fields": {"content_type": 7, "object_id": 25, "text": "<p>\u56de\u590d\u53d1\u9001\u90ae\u4ef6\u6d4b\u8bd5</p>", "comment_time": "2020-05-03T16:27:36", "user": 1, "root": 3, "parent": 3, "reply_to": 1}}, {"model": "likes.likerecord", "pk": 10, "fields": {"content_type": 11, "object_id": 68, "user": 1, "liked_time": "2020-05-01T21:26:03"}}, {"model": "user.profile", "pk": 1, "fields": {"user": 1, "nickname": "\u8bfa\u8bfa\u65e5\u9752"}}, {"model": "user.profile", "pk": 2, "fields": {"user": 2, "nickname": "\u674e\u61a8\u61a8"}}, {"model": "admin.logentry", "pk": 1, "fields": {"action_time": "2020-04-17T09:13:46", "user": 1, "content_type": 8, "object_id": "1", "object_repr": "Django", "action_flag": 1, "change_message": "[{\"added\": {}}]"}}, {"model": "admin.logentry", "pk": 2, "fields": {"action_time": "2020-04-17T09:13:48", "user": 1, "content_type": 8, "object_id": "2", "object_repr": "Django", "action_flag": 1, "change_message": "[{\"added\": {}}]"}}, {"model": "admin.logentry", "pk": 3, "fields": {"action_time": "2020-04-17T09:14:06", "user": 1, "content_type": 8, "object_id": "3", "object_repr": "\u968f\u7b14", "action_flag": 1, "change_message": "[{\"added\": {}}]"}}, {"model": "admin.logentry", "pk": 4, "fields": {"action_time": "2020-04-17T09:14:23", "user": 1, "content_type": 8, "object_id": "4", "object_repr": "\u611f\u609f", "action_flag": 1, "change_message": "[{\"added\": {}}]"}}, {"model": "admin.logentry", "pk": 5, "fields": {"action_time": "2020-04-17T09:15:37", "user": 1, "content_type": 8, "object_id": "2", "object_repr": "python", "action_flag": 2, "change_message": "[{\"changed\": {\"fields\": [\"type_name\"]}}]"}}, {"model": "admin.logentry", "pk": 6, "fields": {"action_time": "2020-04-17T09:17:02", "user": 1, "content_type": 7, "object_id": "1", "object_repr": "<Blog: \u7b2c\u4e00\u7bc7\u535a\u5ba2>", "action_flag": 1, "change_message": "[{\"added\": {}}]"}}, {"model": "admin.logentry", "pk": 7, "fields": {"action_time": "2020-04-17T09:17:54", "user": 1, "content_type": 7, "object_id": "2", "object_repr": "<Blog: \u7b2c\u4e8c\u7bc7\u535a\u5ba2>", "action_flag": 1, "change_message": "[{\"added\": {}}]"}}, {"model": "admin.logentry", "pk": 8, "fields": {"action_time": "2020-04-17T09:18:50", "user": 1, "content_type": 7, "object_id": "3", "object_repr": "<Blog: \u957f\u5185\u5bb9\u7684\u535a\u5ba2>", "action_flag": 1, "change_message": "[{\"added\": {}}]"}}, {"model": "admin.logentry", "pk": 9, "fields": {"action_time": "2020-05-02T16:52:18", "user": 1, "content_type": 14, "object_id": "1", "object_repr": "<Profile: \u8bfa\u8bfa\u65e5\u9752 for tq>", "action_flag": 1, "change_message": "[{\"added\": {}}]"}}, {"model": "admin.logentry", "pk": 10, "fields": {"action_time": "2020-05-03T09:56:03", "user": 2, "content_type": 4, "object_id": "2", "object_repr": "lhh", "action_flag": 2, "change_message": "[{\"changed\": {\"fields\": [\"email\", \"last_login\"]}}]"}}]